,A,B,C,D
2000-01-01,0.5691295648496405,0.6148074963915424,1.812057925816435,-0.7293939100151988
2000-01-02,0.49095308639549734,0.8617239453188809,3.1244438421157437,-2.347955570888758
2000-01-03,0.9441019982352136,0.6654771087798456,3.407964867290376,-2.1492178697931714
2000-01-04,2.447345645043907,1.9819922305250337,2.858358475147734,-0.692293749557499
2000-01-05,3.8756981812931937,1.0650711504799868,1.520820612453643,0.5919287965867721
2000-01-06,3.1779045539457442,0.8790595620135444,2.2596053140068424,1.6324434445486833
2000-01-07,2.156767389494664,1.1753724082465529,1.2050809194678256,2.1356811048547635
2000-01-08,2.916477504447915,1.8895589324882773,2.5901207074757844,2.3899730079381274
2000-01-09,2.0863359772916903,2.249871187726723,0.987992665811896,0.6986213750815087
2000-01-10,0.535798657871172,1.8501988119465187,0.23561889837907002,-0.14479479241317206
2000-01-11,-1.4355209584594182,1.0247886660098917,0.33431029459879613,0.26458482528592686
2000-01-12,-3.539421774791763,0.13058391118111,0.6099359539483741,-0.41103892623760485
2000-01-13,-2.253265492712848,1.12464003647109,0.33074307699406297,1.164262829857591
2000-01-14,-2.3049766238433884,-0.9474161210306113,0.573340981284842,0.7849292749290558
2000-01-15,-3.4943919061558057,-1.2304948688643096,1.0948639106621636,1.6771611849684618
2000-01-16,-1.256738951049349,-0.12309276349625109,4.24949834901383,-0.4045353065771615
2000-01-17,-0.07400663302636024,-1.2433287209552988,4.7843891981001905,-0.549215274408231
2000-01-18,-0.14163532592196526,-1.0502791603760684,5.415581561128606,-2.010482472152443
2000-01-19,0.03301249387443675,-1.1751365687045903,5.301101075237435,-1.8880365670529364
2000-01-20,0.033717725539015864,-1.9856397356495163,6.682357590754575,-1.4659098890734539
2000-01-21,0.14028661383187815,-3.3830470535160813,6.2665953510882995,-0.4642895680649284
2000-01-22,-0.2619816856134388,-1.7877741489545167,5.550365899287468,0.13046398429272066
2000-01-23,0.19826189147609813,-3.3107090048314367,4.94566599909649,0.023442377944902865
2000-01-24,0.5485911616370249,-5.839700507772562,3.9148261879125044,0.24890729219133476
2000-01-25,1.2787289351130153,-6.79513676726765,6.238601411172273,-0.39910346394618823
2000-01-26,0.8885164494239994,-6.693346675511493,5.322840148941617,-0.28707715603860945
2000-01-27,1.4247645223725156,-6.8607489461394815,4.481821739011251,-0.9579373355905894
2000-01-28,1.9404817208150071,-6.828375514566781,5.725338789486349,-1.8229789415461486
2000-01-29,1.7012054161566483,-5.71094770021883,7.265968352036468,-0.8209220229793481
2000-01-30,0.580581960217496,-6.74823520313286,7.4185398490276935,-1.6963189531306075
2000-01-31,1.8743631602600592,-6.399381448333353,6.62491637685163,-2.028223065033831
2000-02-01,0.7556070527558079,-6.101929954969708,6.392698665413242,-0.8102198463470947
2000-02-02,1.0697782471721988,-6.5676731841139935,6.121800029602399,-0.8750388785942032
2000-02-03,0.7372171828338966,-6.55205781722687,6.763419216930696,1.361637716488746
2000-02-04,0.7060102362896591,-7.181288108524446,6.971597667428738,-0.6165199950099378
2000-02-05,-0.6658338628703441,-7.713782332219539,7.361835057869959,-1.5905254315850472
2000-02-06,-0.4449184783225456,-8.042378597150575,6.912060037423437,-3.0159189516432483
2000-02-07,-0.9963941586747536,-7.690516658781727,7.441885831458096,-4.365832398603106
2000-02-08,-0.7834896343460097,-9.084528210640757,7.114977559525683,-3.409007212679087
2000-02-09,-0.6300440868973568,-8.368281200683068,7.400306721069358,-4.214246729851923
2000-02-10,-1.4219049509547388,-9.28737907610811,8.274279406764823,-3.251557281678723
2000-02-11,-0.9104949245657182,-9.547309782720337,8.399293883974035,-4.532009365724028
2000-02-12,0.8385320524038206,-9.508316942962109,8.435346828494932,-3.1234566259282985
2000-02-13,0.3243857600831658,-8.889519110753607,7.071563496131882,-2.85427989363049
2000-02-14,0.8836821753914319,-10.216719864731317,5.973694246103229,-1.2350790502580702
2000-02-15,0.6052080070015015,-9.847776227072023,5.000756871950373,-1.0606415906014421
2000-02-16,0.8503840402639941,-10.516185204152368,5.399905026442772,-1.9141696637909993
2000-02-17,0.990559394216494,-10.827008591780459,3.6966418355328092,-1.6573340704960162
2000-02-18,-0.387923409933688,-11.01450919768131,4.633513055478244,-1.5635056949885695
2000-02-19,-2.5248646058231365,-12.66933741559495,5.42448229390827,-0.5807796393523119
2000-02-20,-1.519437115622802,-12.35773828853349,5.162098331147873,-0.18137046902768583
2000-02-21,-1.1600259763527232,-11.825882856497131,6.030278080421385,-1.7839023369093432
2000-02-22,-0.6113860828559426,-12.216091995377353,6.062660477185535,-1.092439325075805
2000-02-23,1.2545768401953317,-12.968060881930086,5.004315641111493,-0.048890064226042806
2000-02-24,0.9487585012714654,-12.18039735030329,5.413017334335025,-0.6085112714557679
2000-02-25,0.38725632368897667,-11.719560523251861,6.5893064544000355,-0.9516196474793515
2000-02-26,0.7528604262529142,-14.298907877164087,6.213448138746131,0.06240357174386402
2000-02-27,0.5151618006974134,-13.040615373455763,5.728387537047685,0.581618581136062
2000-02-28,0.7588206403548307,-11.74583910213725,4.253527227551537,0.5650673915867689
2000-02-29,0.8302871743555322,-12.494773066182171,4.884582276858441,-1.28230158250387
2000-03-01,1.6649200662561312,-13.245474724340596,5.920252016006107,-1.6694849392483726
2000-03-02,0.9902997296367885,-14.48450078039816,7.463680720489605,-0.8708254209272491
2000-03-03,0.4931704625702381,-13.375613301631265,8.429709746741445,0.2171441032471625
2000-03-04,0.10526107331979268,-12.604109173217774,7.617720508353577,0.8784093112254905
2000-03-05,2.226317651402967,-13.418763894875589,5.634425189017363,1.7314684933210163
2000-03-06,3.828736292658025,-15.492052753071661,5.061263157650838,1.2383560987052598
2000-03-07,5.12951673690909,-15.475386411487937,6.225611140021065,1.4917022142658012
2000-03-08,5.772207115601578,-16.5186190963534,6.970875562553036,0.5853061502114891
2000-03-09,6.080640995912741,-16.829022928735057,7.514548849604958,0.5363694856952546
2000-03-10,7.591313386360924,-15.112550313468152,9.362307814620786,2.720691513954682
2000-03-11,8.065713192765932,-14.677686625807048,8.833989673049377,2.106613058214109
2000-03-12,9.118374529117004,-14.2114812685395,9.008640258016051,2.3355628281077387
2000-03-13,9.557041605761665,-13.50317061816143,7.558613665418332,3.2377071971164293
2000-03-14,8.745826535853954,-14.722872430609613,7.994629063075823,2.3578166238931395
2000-03-15,7.790217897030186,-14.797554570819438,9.078001614450212,1.9333681725757916
2000-03-16,7.773440303849443,-15.894197490997586,10.030919916936194,0.5264708293685134
2000-03-17,6.867823251113466,-16.993863919341898,10.764792519743168,0.02538551962097302
2000-03-18,6.6802152893787,-17.88758257196052,11.714472310243377,-0.14215047116835566
2000-03-19,6.458491510625321,-19.02171940913885,11.397573785571057,-1.425647310516274
2000-03-20,7.066918437159832,-19.027086345311428,11.874140243969004,0.06148834096940825
2000-03-21,8.794839629046484,-19.3570695426229,13.025253915405575,-0.5926818304152526
2000-03-22,7.415110839315245,-19.416570692243535,14.911948996014075,0.8637251200358822
2000-03-23,8.231849511676991,-20.460261115608656,14.87066084532221,0.15904866129554396
2000-03-24,7.237603379369489,-20.992079921582288,15.215724619338348,0.36689234852390856
2000-03-25,6.276845619096477,-21.967929843775014,15.623539337778613,-1.3711233518281614
2000-03-26,6.021035038718337,-21.6686859426319,15.643691860890618,-1.9087000090318162
2000-03-27,6.234584790816451,-21.351134753501544,14.90926734247752,-0.7610125888295769
2000-03-28,4.689450977720454,-21.395527672038916,14.280849211520659,-1.47229901185289
2000-03-29,5.266119663853812,-20.450282691575172,14.929276459769625,0.7621105926203142
2000-03-30,5.600652208411838,-20.537588168769343,15.221524562335121,0.6755499734084017
2000-03-31,7.307781288925168,-19.239459412403193,15.471683696920508,1.554356878848414
2000-04-01,6.39497583136421,-19.27517374901602,15.166191448064367,4.487720882446973
2000-04-02,5.405950085294079,-21.861635007060737,14.128330086524008,2.931605136984638
2000-04-03,4.59842618577243,-20.58676339139445,15.901888108265407,3.3425594066920468
2000-04-04,4.112658920323644,-20.080500573136817,16.266908459056317,2.9518560904600997
2000-04-05,4.114417748491216,-20.063228466670846,15.490812017602547,1.7604936231895463
2000-04-06,4.444982430152393,-20.908658097006892,16.03630835503396,1.782574917262503
2000-04-07,5.5146030129839385,-21.1702416254362,17.89865436765851,-0.7993909239382415
2000-04-08,4.904163060715852,-19.502361918505233,17.827940773284805,-1.1619444515753257
2000-04-09,3.6159907300265326,-18.4858585331655,19.27471797433282,-0.5223085646753276
2000-04-10,4.699546574545963,-19.523424635286144,19.730878084777263,-0.7060870560919253
2000-04-11,5.080067172797112,-20.23114524950582,18.817519632454886,-1.0263678693417004
2000-04-12,5.5461868804224785,-21.434171346563673,17.166870193293914,-2.5047332493275167
2000-04-13,5.174648144312065,-23.63065079300128,16.12829057328985,-2.717398896536824
2000-04-14,4.9755910423010175,-23.983895781429652,17.16381897145736,-3.1247975306256914
2000-04-15,5.520020092658182,-24.543734015882702,16.278713680322372,-4.637392462789055
2000-04-16,6.274817335250732,-26.83761846489058,18.547430846453267,-4.546439596171448
2000-04-17,6.583220126703054,-27.350485162774493,17.974777421950403,-4.092412072848165
2000-04-18,3.8301455364418016,-25.497257450507544,19.123333144773753,-4.239268985238396
2000-04-19,3.5424241543368864,-23.455508929474554,20.295650095971784,-3.640681907658136
2000-04-20,3.70569941438185,-24.100316963279326,21.560987533932565,-2.3151565959540092
2000-04-21,4.587015648575143,-25.114868354898174,19.809152144954396,-1.8680369027135932
2000-04-22,3.0925680937886706,-27.22518644723078,19.721861602944216,-1.6240638248023611
2000-04-23,2.4037781515107057,-27.3071146928384,19.54849502147414,-1.9645298351103206
2000-04-24,1.271972239785642,-29.011604591332773,20.475487852673908,-3.808711246419252
2000-04-25,0.5122954881452852,-28.790537591698538,20.142729051926327,-3.474329126455418
2000-04-26,1.0805265093308152,-27.53560850287651,22.431241340010537,-4.8153333634555615
2000-04-27,1.6666045856555556,-27.456707590809923,22.117862253947052,-4.907401862717413
2000-04-28,3.9468944157518493,-28.197464932383514,21.298880631678337,-3.895439885388868
2000-04-29,4.18422375846147,-27.904281652573147,21.47386323653715,-3.890695738472557
2000-04-30,6.421128385381282,-26.946906475666296,21.42472963116285,-2.6445297473817297
2000-05-01,7.5163928216443265,-26.4129848827612,21.172717636889328,-2.832565415123967
2000-05-02,5.613851145248869,-26.079552928767924,22.055982208978303,-2.657430161532729
2000-05-03,6.681951165180996,-26.521708176706987,23.58283265647688,-1.2552773742893044
2000-05-04,6.6193789138630175,-25.441744518062237,24.882361156722634,-0.9871642760335508
2000-05-05,6.671209377652705,-24.10948508793699,25.055607189673943,0.21131992452903003
2000-05-06,7.09629733828957,-24.420583458750954,24.76820981814657,2.1523005793597436
2000-05-07,6.259122803953578,-24.634907850470302,22.56571334768149,3.0885564270504746
2000-05-08,8.564959215922647,-23.617878448778974,22.34088539572105,2.591215023227517
2000-05-09,8.592562921838034,-25.287385285920497,22.47035305829362,3.019455775785223
2000-05-10,9.187544862245975,-26.865479973632283,22.46428451854796,2.4715359776219454
2000-05-11,9.498706397946314,-26.777597377004316,23.524646352720907,1.277006416135617
2000-05-12,7.295432169695426,-26.31011109937468,24.006074018678166,0.9685847580161205
2000-05-13,8.95483340256008,-26.641700775550465,24.629634267122178,2.176895557827023
2000-05-14,9.664304294085204,-27.477123131128035,25.445383674225848,0.8805472350939214
2000-05-15,10.198883601179656,-27.412454910370226,23.420917416342892,1.3553340735188988
2000-05-16,11.407797213427216,-25.963502134344864,24.17676060226425,0.08258391892263028
2000-05-17,11.688679971819074,-26.28924288105128,23.012659551742296,0.2838898457425426
2000-05-18,10.671807659032078,-26.10408891758998,21.92323707720283,-0.005027462072067779
2000-05-19,9.98339034417233,-27.053084290138376,21.915517066148073,0.9304130977132596
2000-05-20,10.440440831799098,-26.71066231442209,19.901671486727373,0.8011700575229983
2000-05-21,9.338525203345112,-27.266111904349373,20.931005482812363,2.186725076434301
2000-05-22,9.787675996260107,-26.238926444793567,22.27579059321817,-0.0782320539184953
2000-05-23,10.780331144855472,-26.60365058313804,20.634327285538777,-0.7838503320675388
2000-05-24,9.917978087928573,-25.42464361008765,20.75650180365251,-0.6264676693617616
2000-05-25,10.975278808733993,-25.673211844302255,19.49267004595507,0.2913821698060335
2000-05-26,11.689429017089735,-25.623732825969455,18.317502639378,-0.16084033320102858
2000-05-27,11.665485356621666,-26.614453866425972,19.134790520991558,-0.5026240212847992
2000-05-28,11.344264026254644,-25.96507502262097,20.305257314934693,-1.2701853263721028
2000-05-29,10.709929408609472,-26.864059896769465,21.999738463478046,-0.8860564671286355
2000-05-30,9.58123937932958,-26.41155741991954,21.237924258144616,-1.943245511144121
2000-05-31,9.709829087179653,-27.637607695613767,21.908319439966416,-1.3463430517027746
2000-06-01,10.694144400909018,-27.508768378123385,21.79483450558828,-1.5375658804736012
2000-06-02,12.213486900617395,-28.850858381160254,19.514139177941313,-1.119812822745239
2000-06-03,13.090002552840362,-30.607167368626403,20.453706165228233,-2.093870265053149
2000-06-04,13.348817762535887,-29.34036719137074,20.832187171224724,-1.9036292937000447
2000-06-05,13.98488633191548,-31.428872805598406,21.924215931801083,-2.9526491823648326
2000-06-06,14.704890040488745,-30.86828082949916,22.65972843633788,-0.8004678469353541
2000-06-07,14.189701212942435,-31.702305571211003,22.13580141117558,0.4381142566947982
2000-06-08,14.654055414175623,-30.836131500130318,23.951756225948564,0.21282726770628815
2000-06-09,14.221998895631135,-30.232482156339902,24.492694611552526,2.351944415141644
2000-06-10,14.317062406604144,-29.032835461163003,25.14010944940216,3.3579613825970958
2000-06-11,13.4472099876077,-28.51270735036489,25.51362269183795,2.181927664586639
2000-06-12,14.193318508654752,-28.480070290733753,25.48661730729508,2.782658017830599
2000-06-13,15.465763146333227,-29.3448861235537,24.657075942861,3.1480213340353798
2000-06-14,15.704331343214966,-29.789207738615055,25.322597884033716,2.4917348844186304
2000-06-15,13.022788485885092,-30.714851057859434,25.19711991704971,1.7208019721986052
2000-06-16,12.342402627065411,-30.70505632772991,25.782067402927265,-0.0025435610887656335
2000-06-17,12.809848101984663,-30.558260634018122,26.23216779523924,-0.8786752877111297
2000-06-18,10.74699252283532,-28.792818612611356,24.963758563177766,-1.4572538051703918
2000-06-19,10.954508912886883,-27.717124856083707,25.17638228599816,-1.1102291755428426
2000-06-20,10.807067862252044,-27.89427265251173,25.06863043485926,-1.8180456896051571
2000-06-21,10.790119433863948,-29.844295405855863,24.949741476725574,-2.677585287851604
2000-06-22,11.91322111945311,-28.96071122143148,24.019169167924257,-1.2461690198771223
2000-06-23,13.191432230925043,-28.563084716853446,20.406217080876328,-2.564917238719066
2000-06-24,11.814209197705758,-28.679599720508826,20.318461866187274,-1.7570652518799736
2000-06-25,10.372145841515243,-28.752046393840207,22.429164779541455,-1.6864704998337936
2000-06-26,9.716678198479624,-28.25862238388714,23.723534266544757,-2.8490382995739356
2000-06-27,10.565582487169257,-28.14279210698235,24.66371218783,-3.248531260829237
2000-06-28,11.636620026260042,-28.567267739852458,24.53176852440045,-4.56139318563099
2000-06-29,10.03512889166352,-29.1678352339981,23.024275949694893,-5.0983267589901065
2000-06-30,8.444195662798714,-28.393356642881162,23.027309549874474,-4.690868957753839
2000-07-01,8.491360711557045,-27.82062584342141,22.10227704829289,-4.135245238404671
2000-07-02,7.381614552003289,-29.30884996944925,21.854662407034613,-2.693585969552875
2000-07-03,7.435431389351654,-29.85797559495903,21.68339623486744,-2.3357417548044728
2000-07-04,7.557972555421375,-31.22623742643925,21.924476363128562,-1.6475912568340214
2000-07-05,8.406895448887237,-29.98179539708407,22.168776723864255,-1.634637136922389
2000-07-06,7.535308665336784,-28.34443578244405,24.587015377820773,-0.15345380129465602
2000-07-07,8.020702904861363,-29.611323709891685,23.801111424056693,-0.14287726648928886
2000-07-08,8.017355892908482,-27.456696080369035,23.998375606351587,-1.3808555151904804
2000-07-09,8.065640732432513,-27.15897826504013,23.26569604918943,-0.6862698296568374
2000-07-10,7.6277055999037655,-26.412138629794864,24.018814675788832,-2.364066786490652
2000-07-11,7.113531407977343,-27.54890690376587,24.663676447167205,-1.9596666523284156
2000-07-12,5.898353386951344,-26.309419170509926,25.593576194813593,-1.602591973405886
2000-07-13,5.665072678017307,-27.67501993251732,26.15826662888172,-1.7573366315976504
2000-07-14,7.275563229887504,-29.082372958679365,25.048005345938968,-3.1109771040201784
2000-07-15,8.768214820056203,-27.698368245316132,24.245669757506523,-2.646809344068379
2000-07-16,8.223066676928369,-27.333080683555536,25.45688780210236,-3.1659194827474018
2000-07-17,9.930982666338426,-28.65864512989425,25.54797841369978,-4.0279972084357585
2000-07-18,11.179008378539097,-29.873011839864848,26.19453867495398,-4.656320534767877
2000-07-19,12.380912497995212,-28.813653520166973,27.423516516921225,-5.181224379015363
2000-07-20,11.355075203751696,-30.018316623523628,29.695122002563544,-5.356118695719311
2000-07-21,10.26209169294037,-31.183380652507395,29.940986764788324,-4.168990007881544
2000-07-22,10.110731245987294,-32.281901796561606,28.242821666259537,-3.401921560597948
2000-07-23,10.153187650315315,-31.473943469209043,30.375134239942792,-3.435467735543176
2000-07-24,8.545800201527657,-31.714151913558077,31.802065201361277,-1.6048622588310617
2000-07-25,9.871186970981668,-32.12790931869255,32.442647440976245,0.22874863437857895
2000-07-26,10.215636681010272,-33.02512139784708,32.99522677760792,-0.9959123299772568
2000-07-27,10.299935312091485,-34.17302277041602,33.96642710753763,-0.5651572431631107
2000-07-28,9.055551507627317,-32.88062315084347,33.24924949257509,0.9824947471646388
2000-07-29,9.876542510081112,-31.269168647252137,33.15244025407174,1.0244767413051177
2000-07-30,9.349911348484733,-31.330964367916575,32.64041487963764,-0.02509008448630956
2000-07-31,9.637053138025067,-33.2348345323471,32.847917101815355,0.22855165618703438
2000-08-01,9.428036675727695,-33.491744350927185,31.59548590577669,-0.4544769607187629
2000-08-02,8.364821499241781,-33.89518957519075,32.483131416515924,-0.3936732608938843
2000-08-03,8.210703822606977,-34.67671567712131,31.98675996373449,-1.7488324686515258
2000-08-04,7.837143009705954,-33.884418892832386,32.484047502136804,-3.761941328038548
2000-08-05,8.374583915205312,-36.602155825532726,31.580614632257884,-2.2819645555581447
2000-08-06,7.9548181693595055,-36.54299112871238,33.21532135477789,-1.2642188156290342
2000-08-07,8.068996318905498,-37.618514333407106,30.609907570824365,-2.316070682961759
2000-08-08,8.272547935763814,-38.0884942904373,29.16536115315889,-2.017112420697972
2000-08-09,8.49255922021061,-37.87973378680713,30.137271753849284,-0.5419374262630303
2000-08-10,8.678997206650926,-36.48143972260401,30.733920415761386,-0.3788547703130879
2000-08-11,8.847802242956734,-37.87695196794933,32.383136295116515,-1.7119842766611142
2000-08-12,8.047587352217194,-37.05949879428774,32.16365775251146,-1.583502615241831
2000-08-13,8.317770908199392,-38.23761127348828,31.884517626732794,-1.1345989157435001
2000-08-14,8.398197826110216,-37.16840081801072,32.9496739807271,-0.8645152379041532
2000-08-15,9.736413129991096,-36.34934383916597,33.32798484605108,-1.324443845313968
2000-08-16,8.167090462559983,-36.212806682870806,33.07610021014809,-2.4041627211248695
2000-08-17,7.6775117575994125,-36.565777290872354,33.24535943901282,-2.728943812519361
2000-08-18,8.30867198241031,-34.446345461854925,32.65174293597818,-0.5875515934884654
2000-08-19,8.685977618721177,-32.71758861555489,33.4188163469346,0.6134005516526657
2000-08-20,8.618521708191127,-33.72524403269236,32.94191406808918,1.2882473330681
2000-08-21,6.680748610207164,-32.41780732264236,32.171017020482104,2.3814201609370382
2000-08-22,6.593005900006537,-31.779634728350523,32.15706498821097,2.2755358312706186
2000-08-23,8.033820907617823,-31.32206302180525,32.051205398239034,2.50818932686825
2000-08-24,7.981559664358235,-31.712266176758575,30.237389119907178,1.3513636230660835
2000-08-25,7.413111441802795,-32.000047458454084,30.05790140432357,1.5758038522969942
2000-08-26,6.597212547494876,-32.80646145096923,30.63872930944506,2.8579059028628837
2000-08-27,7.442504867413201,-32.756237634090944,30.972609737028318,-0.7080909321636515
2000-08-28,5.97665758220416,-33.09819101437932,28.97655898885402,-0.7538895996526778
2000-08-29,4.138225740769588,-32.407593778143195,29.120350749033108,-1.1164574348305867
2000-08-30,5.663456402953204,-33.39139320624741,28.955144001622177,-0.40957328308535657
2000-08-31,5.765707844845307,-32.91271955065075,30.19714505297895,-0.9903830499797462
2000-09-01,6.238631379843616,-31.483530431555977,32.09405986457943,-1.3995940787346013
2000-09-02,5.074905388051651,-33.4055513243724,32.0452001937003,-2.1971599736584264
2000-09-03,5.827394899606598,-32.859964438759214,32.0867303472188,-3.8674430345838124
2000-09-04,5.21280063543987,-33.2345671197203,30.710765662518494,-3.6619853804215747
2000-09-05,4.792241959837365,-34.3433679020832,31.46116868371596,-4.76531563636538
2000-09-06,6.1274878501882615,-34.71658039012404,31.290589703459418,-4.522157231640431
2000-09-07,5.2447634099632,-35.94540682277669,31.182466295680868,-2.989120437229551
2000-09-08,7.508810094736141,-36.97015832402621,29.489950652726204,-2.255196389772207
2000-09-09,8.627524740485983,-37.33128660452933,30.201065074904566,-2.7493941846667793
2000-09-10,8.169032641469256,-37.35431442912825,30.935279132807317,-3.3094551514762225
2000-09-11,8.690450190569923,-37.319091818069765,32.249352659995296,-2.976494915749882
2000-09-12,9.780760281029469,-37.7970674308821,32.8430619802753,-3.25295644724468
2000-09-13,10.22339593561519,-38.35556598348399,31.9931499219972,-6.156941897903314
2000-09-14,11.459066901119911,-38.55026745122702,33.33930348335543,-4.950714627128216
2000-09-15,13.371891127515353,-38.70745946790048,32.96100588195179,-4.572878757903996
2000-09-16,13.904234202239435,-40.370601177131526,32.94323564727379,-3.9579252549103283
2000-09-17,13.21413953284189,-39.505898362515154,32.210809950238755,-3.4353958471194193
2000-09-18,13.115965201249447,-39.66635507853725,33.207209670836775,-4.191422727800448
2000-09-19,14.002941404713528,-38.582938758330414,34.46836650523103,-4.763064746732261
2000-09-20,13.935137371153512,-40.742495535850665,34.81432640985718,-3.569981941426049
2000-09-21,13.668881302631448,-40.319529498543574,36.435763303503954,-3.4759206169100185
2000-09-22,13.183336823717068,-40.07387490837314,37.05423591404786,-2.8013044002537897
2000-09-23,10.990210240185514,-41.636472362054555,37.213007701593696,-2.1677283968031724
2000-09-24,11.046645816507333,-40.616164626702215,37.07561424516512,-1.5966151892684364
2000-09-25,10.899018238992568,-40.99834797909168,37.26439558787619,-2.6659383743700307
2000-09-26,10.297180585221687,-42.7497193836953,37.25563228782139,-1.4839312501906061
2000-09-27,10.062982254506316,-41.782773608546805,36.435668444618074,-2.9188526863874245
2000-09-28,9.494140717708323,-41.96858087968,37.33126490024917,-4.007689464824188
2000-09-29,7.850994350769447,-40.9493141981006,39.07268045946615,-4.050681221595198
2000-09-30,6.877875364442541,-40.806093350772315,39.76466638818158,-4.528386423798898
2000-10-01,7.03876840480459,-39.536952889424064,38.71589787013031,-4.850103267023779
2000-10-02,6.710792695494651,-40.983774782897726,39.045942269031265,-4.247366429056789
2000-10-03,6.288816418140771,-40.64620107556217,39.57569823083628,-3.963550889918911
2000-10-04,5.83846876957852,-40.13803081369647,38.615473665472294,-4.074574106225924
2000-10-05,6.0308668514908454,-41.42884904804509,39.42597859842376,-4.668454875666535
2000-10-06,6.042417118107764,-40.188402214721954,38.49868973229034,-4.406472263058758
2000-10-07,7.161423634310191,-39.89082578770876,38.3605667340765,-5.143069866034162
2000-10-08,6.046214917239185,-39.06458899936203,37.49275519006438,-5.693466581250538
2000-10-09,6.740966655332061,-38.580739841371184,37.67683620611773,-6.224469742641983
2000-10-10,7.8025056565993385,-36.65395333554441,37.613945278295226,-6.639871499674088
2000-10-11,9.261197305429615,-35.754996688390825,37.006447076532744,-6.865776253155493
2000-10-12,11.103021237529948,-35.78304910792253,36.8253993620106,-6.451691540399354
2000-10-13,10.099265137595616,-35.42099190038305,37.22743754430172,-5.971416517587473
2000-10-14,9.609988558321719,-34.39102818916927,38.918346900674074,-4.429466721959838
2000-10-15,8.731803486942248,-35.63427922716462,37.12261162355335,-3.860352708174461
2000-10-16,8.754310635892411,-34.94279250372753,37.13196621175822,-4.292924472941529
2000-10-17,8.511745749000395,-33.569668266615395,39.24718820230496,-4.881099038482489
2000-10-18,7.490551458597844,-35.01848387771115,39.44233698223854,-4.415908755909746
2000-10-19,8.76480844407583,-34.25479005700189,38.71466528573137,-3.3196697660876175
2000-10-20,8.208878560543813,-33.88370860073819,37.422941592765156,-2.5733516137629056
2000-10-21,6.986793257447321,-33.93465039700681,37.378113238238605,-1.4438506070307888
2000-10-22,6.37045996629714,-31.66525421415353,37.417519332436726,0.4035204306183182
2000-10-23,5.7163956373261815,-32.532442798858774,37.62539588004022,0.46971093688375354
2000-10-24,5.83801207410464,-33.072590926758345,36.6598728611635,0.9040544928834792
2000-10-25,5.238393433796981,-34.26457404234931,36.717931622358925,2.024427440423163
2000-10-26,5.703904116299459,-35.418239283661585,36.363664425987146,1.1618399754026154
2000-10-27,5.461527745485272,-37.18965299646914,36.85476603131747,0.8974315595002487
2000-10-28,4.609427000142602,-38.89427037950589,36.01504973761702,4.325936856161127
2000-10-29,4.488962789712608,-38.652245695150455,35.58968176529997,3.4798821329541862
2000-10-30,2.51116585524315,-37.670517830527295,37.535975184850685,3.569667720485788
2000-10-31,1.284187982570248,-37.244310370658425,38.25876297338982,3.330005051756105
2000-11-01,-0.6088374880916974,-40.12414198084406,38.91537746251973,4.356887632474876
2000-11-02,-0.8344458157734544,-40.08753475191505,38.13176489191738,4.7867912521045435
2000-11-03,-1.4979236078711162,-40.594657902831365,37.29525176129396,5.104509289643568
2000-11-04,-1.5529135261886622,-42.47202240535852,36.580951499102724,4.985096193512366
2000-11-05,-0.5812062630377056,-42.580003664796834,36.210159995405725,5.389661573953456
2000-11-06,-2.0357309543189213,-41.78327408475847,36.58327207226439,5.60634329022451
2000-11-07,-1.7813214126146404,-41.53622063755179,34.74465188955937,5.692870945784618
2000-11-08,-0.17034306774298202,-41.46177671416561,34.81646377907138,4.62790620622493
2000-11-09,-1.363398607618436,-41.284520298554234,34.91771154431078,4.331091904360557
2000-11-10,-1.357002277104542,-40.03494250241643,35.21731407828247,4.205640013211311
2000-11-11,0.8646634076810962,-40.669060111758796,34.31892691595836,3.304415782739192
2000-11-12,-0.4795797305625793,-40.227597790860635,35.50556758651325,3.621525476552523
2000-11-13,-0.5528445404210062,-38.826206690408476,35.584164588676934,3.5928262939422706
2000-11-14,-0.577221562910784,-39.607600336504625,34.54231825292624,4.804769433095709
2000-11-15,-1.0406200186730807,-40.01399881607777,34.49250708130858,4.261661123677754
2000-11-16,-0.5831095711997609,-38.824034217479266,35.84119203150352,4.555325672761134
2000-11-17,-0.055669630551163585,-38.83964886630217,35.169211131208556,3.4504648516638987
2000-11-18,-0.804765693146588,-39.49153282040804,35.98975703155577,4.34660347064503
2000-11-19,-0.6597559805908058,-40.29396674479489,35.76808401295449,4.275538064862494
2000-11-20,-0.5487077566729747,-38.68588921066054,35.759087860878516,4.212092352591448
2000-11-21,-2.2047367871590073,-38.81234227106713,34.2883170801668,2.690324633943937
2000-11-22,-1.3109238622971071,-39.2886416320802,35.55277230965673,4.014558045442924
2000-11-23,-1.1873348832387904,-40.972530075667116,35.638019450881,3.5972047026561453
2000-11-24,-1.2378350166277368,-41.354579267899545,36.45798598570837,4.016206740052274
2000-11-25,-0.8789464894184843,-41.50313665841431,35.92265791980142,2.2305058001020948
2000-11-26,0.9160131306376224,-43.024635212695934,36.18616694197291,1.9676264108862136
2000-11-27,2.146508837218253,-44.13788977486564,36.09323770582937,2.8080559732015673
2000-11-28,3.270146900718297,-44.568682884282566,36.56748789204367,3.9549443112664298
2000-11-29,1.8532731261588073,-45.107145712723444,35.92141571642826,6.060401686928189
2000-11-30,1.1671887934899448,-45.77390612062828,36.53009030630561,6.0722014893426435
2000-12-01,1.3174256354494192,-46.84906332765744,37.6874526552789,6.575952599998468
2000-12-02,2.8370552719779454,-46.56250098194528,38.35594186492699,7.6263138870723965
2000-12-03,3.2429876477762534,-48.394557880863786,39.36161002071243,8.252803391473206
2000-12-04,2.5022661872504814,-47.731835913751716,40.6194589195877,7.620821145910999
2000-12-05,1.8865506288650882,-46.81213546311038,40.4314597189517,7.336963041909736
2000-12-06,2.680279971203034,-48.79607463899712,41.50143121880438,9.757577109385704
2000-12-07,3.193931088627931,-48.73190827065795,42.87938767478188,9.093030162879272
2000-12-08,2.3372708070448964,-49.090293181920785,42.47751359419169,8.237427977909544
2000-12-09,3.443536174687164,-48.50516587615966,40.883527283189274,7.598324209186617
2000-12-10,3.129527653585152,-47.7723875060535,42.789655812022666,8.462287335872494
2000-12-11,4.184949901041881,-46.56894127533392,42.20414571530376,8.303565939588196
2000-12-12,6.062396750911908,-45.07413701052682,42.49625086776327,8.457605741707544
2000-12-13,6.219562562141239,-46.1905956016517,42.683826597007894,8.17801627009693
2000-12-14,5.918036425112614,-45.35357951705485,42.76802348352156,7.800279715123173
2000-12-15,7.463580908018968,-44.92547697041388,42.02836921583665,6.717990430172039
2000-12-16,8.230921983043835,-43.637387225543634,43.77050705030536,5.199117143665878
2000-12-17,7.455158915022817,-44.72483802991385,41.9693685300142,6.36232713187077
2000-12-18,8.508946085363522,-44.98979098738471,42.60974988622708,7.435426602538428
2000-12-19,7.3869151050100355,-45.02489246138555,41.74313718080693,8.562946646066047
2000-12-20,8.528807095270887,-46.25184862241865,43.59129756264187,8.330388249195108
2000-12-21,8.514720868727219,-47.18203532700582,45.659932479828115,8.202425268921251
2000-12-22,9.605202572915658,-46.79015470126258,46.58300310392172,7.117715549931743
2000-12-23,10.527112145082008,-47.255879094287216,45.35158524110929,6.153676986837315
2000-12-24,8.1277354693414,-46.44838999161046,44.610527281393,6.664647897362608
2000-12-25,7.6746513268656384,-44.80964705943865,47.00847431196325,7.269736254006473
2000-12-26,7.275095327613519,-44.05961722124813,47.3100209791375,8.505052164178469
2000-12-27,5.891742948604689,-43.3204936333313,45.73534198293777,7.472057798099711
2000-12-28,5.172947242434145,-41.360958510821945,46.16796998260786,7.496619086417737
2000-12-29,6.969276306999182,-41.18087441232727,45.60348564188087,7.354783893737695
2000-12-30,5.907910529652904,-40.72428908399482,45.06233915956067,7.255237050096309
2000-12-31,5.445870663701706,-39.319168026134044,46.480539679093724,7.163300615668203
2001-01-01,5.830662955646127,-38.325119415168565,44.87207219179195,8.550545416533655
2001-01-02,5.414152126800578,-38.66566219236343,44.89143375643146,6.859516257107845
2001-01-03,6.274187255283492,-38.94378567144788,44.85931686392316,6.215352172453516
2001-01-04,5.8062143916614035,-39.683133908573446,44.35028098980316,6.485665229373058
2001-01-05,7.2618232963544855,-41.1490803166956,41.919114496249605,5.630339835259337
2001-01-06,6.9901026317374955,-41.28521338863024,41.76026206323332,7.80866183575988
2001-01-07,7.439662952340575,-39.422820854624014,40.05270078893328,8.12532410955228
2001-01-08,7.974461900241088,-39.040323383062876,40.87315154626661,7.828339058286939
2001-01-09,10.469426307664262,-39.65231693771358,42.496269501680324,8.747503630791059
2001-01-10,10.013485594552378,-38.91489275674572,41.62935508721023,7.682693889699813
2001-01-11,10.571074449703584,-39.96551438506608,41.36112061747876,8.498398492552598
2001-01-12,12.445607883864398,-39.07145578719331,40.309808870383755,9.767139662497978
2001-01-13,10.64832657072309,-40.325914143118716,39.5586526727304,9.89895615886963
2001-01-14,11.124566510498521,-40.87882076517459,38.66305639954183,8.491052859165107
2001-01-15,12.061120929786334,-41.830976331129754,38.93581086378549,9.501549266552738
2001-01-16,10.928412001875062,-42.70731967146691,38.160549789962985,10.07454611280588
2001-01-17,9.70179997679232,-42.73845348648725,36.70893475419281,10.727435858521597
2001-01-18,11.659046293150817,-42.62958110750572,37.373278133057816,9.08605562846723
2001-01-19,11.178410514229505,-44.26371737420592,37.496663217618554,9.464346760959485
2001-01-20,8.3254146039201,-44.63634427730287,37.74575381907576,10.266030937465192
2001-01-21,8.279909707097223,-45.99811181241022,38.40983070137906,10.466094957248274
2001-01-22,7.569877825556392,-45.515545305375625,39.30832597916671,10.540969449746587
2001-01-23,7.889799686187608,-44.41262801134582,38.70568416467756,11.124164205847684
2001-01-24,5.820909652665994,-43.61637375771068,38.4969258170185,10.87210797412279
2001-01-25,4.961978500573864,-41.817554078433545,38.763397741114474,11.659074287987654
2001-01-26,5.199485818632279,-39.99009583014822,39.32546629867227,10.978532510459322
2001-01-27,4.952127949445496,-39.50096415993663,39.149221099765185,12.053308836652498
2001-01-28,4.879571487453386,-39.75998421356109,40.044487779730794,10.843021733854304
2001-01-29,4.3161272402453905,-38.495341764156564,40.55362797517257,9.66030736387497
2001-01-30,3.1654938261640293,-38.502286081974056,39.91810883600319,8.62121447666112
2001-01-31,3.463325075972427,-37.84274262071549,38.93142614583263,8.450327360854216
2001-02-01,5.5350697363645915,-38.89663295124748,39.26917415292864,8.426175718516527
2001-02-02,3.6315635108379043,-40.1063295640696,38.90481119993587,5.946082536616062
2001-02-03,3.706618755173191,-42.2081667862732,40.31578628954647,5.514217128033414
2001-02-04,2.616791437596599,-43.22874245511897,38.81968627901029,6.228990888532422
2001-02-05,2.0917337166553613,-43.182831212433456,38.36032516504504,7.043957414527223
2001-02-06,3.288399972718625,-42.407575621425316,37.64416271446484,7.771716690424725
2001-02-07,2.7791165610210915,-41.46914658768456,38.46751193871954,6.83426302752702
2001-02-08,3.917485644707718,-40.764942717642825,39.17354739210006,7.629439759995929
2001-02-09,3.3446893449031005,-39.45481567806533,39.756179940685335,7.206668826635096
2001-02-10,2.3389802094586187,-38.19939638167877,41.16980616402394,7.135352997659305
2001-02-11,2.58295363686335,-37.29488977685896,41.80877317181268,6.906614257354219
2001-02-12,2.4992619038310697,-36.76078550891217,42.10354489006187,8.042630000990982
2001-02-13,3.1719495886731344,-35.167706013986084,41.10698085135383,8.38147578013392
2001-02-14,4.359515949031648,-33.74033925991687,39.91222949226609,8.845217594312881
2001-02-15,3.209111896013338,-32.4495196833096,41.922772229767254,7.683606277721944
2001-02-16,3.6766676527274167,-32.19764949041455,39.51450315744021,7.653974836975471
2001-02-17,4.1887596681905,-31.3067343746088,39.91115186582408,6.437734344979813
2001-02-18,3.0381325707845503,-30.137671853753563,39.420942559924725,7.273125640407407
2001-02-19,2.3259463500328037,-28.63332001898972,39.556345483835585,8.048011265483643
2001-02-20,2.904915696512702,-26.873329255907848,40.45958873239656,7.7172533597891215
2001-02-21,1.8180126172263975,-26.836318894120822,40.24071998207698,8.091400560551357
2001-02-22,1.3953114864500227,-27.2998343991689,40.40986686026075,7.663220060251444
2001-02-23,1.039471094980037,-28.016126972967925,40.298417661517256,7.480852062649017
2001-02-24,2.2436692425794016,-25.32872409598976,41.1978462932002,6.978191563050007
2001-02-25,2.356982619381831,-25.051571611805027,40.7755240185988,9.196908078939337
2001-02-26,1.4960836822248536,-25.190564943267173,39.05832381993855,11.136715922352185
2001-02-27,1.3088181895273672,-26.472703761038453,38.3798718501238,11.559949887419293
2001-02-28,-0.813388243760512,-26.07301365257966,37.404309058640415,11.524399060744711
2001-03-01,-1.2635259312169598,-26.5141498756397,36.768324963950334,11.701362488936597
2001-03-02,-1.04190906398123,-26.620664169093125,37.6192684790409,11.187254146013943
2001-03-03,-1.443639507935596,-26.499097460100355,39.8194700134608,9.14303710990242
2001-03-04,-1.08741531218439,-27.657545381338906,40.33078145620554,11.07398000705901
2001-03-05,-2.055125735081569,-26.91293814868683,40.17160196723473,10.583968624156576
2001-03-06,-1.9618292257421275,-27.74576170768844,41.82980160340735,11.743449001477677
2001-03-07,-0.28274743925276913,-28.2334140641154,39.886833455723405,11.190002437558535
2001-03-08,-0.0015188868120938892,-27.229945965482926,40.41551505326067,11.517565883737005
2001-03-09,0.5919032887911825,-26.971520611404088,41.094072198528856,10.474641921811589
2001-03-10,1.4937011629050576,-27.0089626779672,39.517163377810235,9.520752846527763
2001-03-11,2.2662696444132973,-27.89730932473801,38.90747513131178,9.902219650660461
2001-03-12,3.394105821728052,-28.433121589334082,40.21478826761103,11.492479989906048
2001-03-13,3.005727754973155,-30.28225217292768,40.91657979762589,12.016291263924284
2001-03-14,1.763129705072649,-30.673090107944862,40.13891845408349,11.977705686603892
2001-03-15,0.6739515894271331,-30.17856403099281,39.81102538909028,10.554201936989228
2001-03-16,1.8401652688375443,-28.357517803978816,38.92806024199217,9.585909137242501
2001-03-17,0.07506386798329934,-29.911176926197243,38.94814566220293,10.366765978142054
2001-03-18,0.3933257006901966,-29.64615490692051,39.71771600073451,9.146088942917213
2001-03-19,-0.6981446803621709,-30.16077504606926,40.85411315852417,8.408034552023366
2001-03-20,-0.2330623171502451,-30.588552122277317,41.802555190949974,8.68438016514191
2001-03-21,-0.8414300853677101,-31.122078297611843,42.18389146982547,8.943844206771349
2001-03-22,-1.940736588557657,-30.5083795733345,42.91801032511811,9.924647466231775
2001-03-23,-1.8389061799305015,-30.353048653899823,42.963046781439054,11.302847967316984
2001-03-24,-2.6066021644434882,-29.453378460601698,42.163900039754736,11.788317160858522
2001-03-25,-2.435084282150565,-28.20698343998584,40.98426375010415,12.709709822834125
2001-03-26,-2.97800887350313,-28.367066986061754,42.267595222575885,12.862431520070993
2001-03-27,-3.009733347135051,-29.749419384180364,44.36900282877157,14.318516256936935
2001-03-28,-0.8461984197586783,-29.809816787073213,45.113969550344066,15.78020392541843
2001-03-29,-3.0021939028961047,-30.397212659770183,43.84380563874377,16.666117287414952
2001-03-30,-2.8288168238392424,-31.574573592319812,44.41108451515084,16.1450100932063
2001-03-31,-5.7733209103008605,-31.92641143672783,43.29901304328313,15.945785661714249
2001-04-01,-5.908225240167236,-33.34745521218179,43.448356040681716,17.197751070859916
2001-04-02,-6.024685014628008,-33.2019487290703,43.21930864855019,17.646776123393753
2001-04-03,-5.577941208290882,-32.58281283211285,42.066219801364525,17.33124701026369
2001-04-04,-5.262610041048374,-32.57935495044561,39.87281892192483,16.166173451315025
2001-04-05,-4.900487283005451,-30.75476650933167,39.45212219867769,16.613738736338576
2001-04-06,-5.774474971558695,-30.573699881068478,40.76186892121835,17.186120010993204
2001-04-07,-7.405226891619449,-30.93494306667572,40.38590250033417,16.888376546373564
2001-04-08,-6.555332457010588,-31.857752950511365,40.67486935864045,16.85233982700558
2001-04-09,-7.5679557827839625,-30.011032853339444,39.630123753767585,16.30279407808212
2001-04-10,-7.020130561393611,-29.718637787867202,41.10463664119662,16.792457016064606
2001-04-11,-6.5882014698737015,-30.111326622523393,41.00462320884346,15.259936130384311
2001-04-12,-7.6704173783317735,-29.6704411486373,40.00789169990039,16.333901778587354
2001-04-13,-7.634266931329042,-29.83067328243225,41.081608305832525,16.32122974536535
2001-04-14,-6.762917150954699,-28.683115912223936,41.28466208286645,16.70496841464189
2001-04-15,-6.201330075806788,-27.14509782606541,41.847758381394,16.295896264493766
2001-04-16,-7.479674788491231,-27.22534827156934,43.842845554481364,17.37183860368289
2001-04-17,-6.518633676762497,-26.286086821260277,44.26034130495038,17.09833292035448
2001-04-18,-5.5961796737610054,-26.698254184140097,44.72219054248567,17.500879678077926
2001-04-19,-4.664927287008014,-27.63962408882285,46.80151905240469,17.49687075627066
2001-04-20,-4.391809024904564,-27.657638646114744,46.53143476924641,18.975540116781573
2001-04-21,-6.2550986557598485,-28.3387051831674,46.61241743720759,18.969639928396436
2001-04-22,-7.188894166077873,-29.155198776549916,46.219914111437205,19.267426860992664
2001-04-23,-7.0527848734375755,-30.125049882488682,48.52900296010038,19.821155713161208
2001-04-24,-7.7250254420122975,-27.713738840824732,48.93046128348712,20.009116460305677
2001-04-25,-9.02430395360787,-27.185496412996983,51.43462092002171,21.31142596497634
2001-04-26,-11.034083660554021,-29.172077611838223,51.65603696591469,22.076393066581808
2001-04-27,-9.161051826179785,-29.26906424685285,51.67971001238907,23.078953711542777
2001-04-28,-9.35034890194046,-30.711494353428332,52.283931315890904,23.700769684178965
2001-04-29,-10.504009382479829,-32.725049219661365,53.468642489776286,23.23598536270175
2001-04-30,-12.008649981231228,-33.640047915296186,54.87155228247257,23.80517929353875
2001-05-01,-11.594112243847981,-32.76330796844489,54.9799424674141,23.06535233137505
2001-05-02,-11.624111468152583,-31.74426328033337,54.72126039744587,21.877621883509985
2001-05-03,-10.226927398136127,-31.81032360959246,54.664727066093484,21.779747741613015
2001-05-04,-9.871391343043529,-31.431567134968503,52.925285103132374,19.61772338935779
2001-05-05,-9.445354194777313,-31.17467492072759,53.830110289718064,20.069018262222034
2001-05-06,-10.409198177483686,-31.23762028471347,53.17649314790195,19.511422811853496
2001-05-07,-10.480513439775942,-31.51675959759424,52.83156676160188,17.962419383539753
2001-05-08,-10.666703140584753,-29.383514856671745,52.27241427689488,19.480289285359085
2001-05-09,-10.229008607892993,-28.608330635665336,51.788087713863824,19.822809268725482
2001-05-10,-9.506324135779561,-29.269103227740004,52.385306284559704,20.038429207982567
2001-05-11,-10.662466986168315,-30.48487607314013,51.23209393684757,20.541537636905005
2001-05-12,-7.472766939634692,-31.830459696895826,49.68037829547787,19.19934357076022
2001-05-13,-8.147603677697091,-29.868657904074905,48.768112179112926,19.0760703854995
2001-05-14,-9.185684420262776,-31.882067379977148,49.47456689282876,18.10579227038408
2001-05-15,-8.076950330844234,-32.093325577230935,49.507846673928945,16.94586063455448
2001-05-16,-9.831897415859816,-31.37626280691712,49.44975682710999,16.943110783457307
2001-05-17,-10.06497753906682,-30.709783678364463,49.91566735113062,17.720492102863894
2001-05-18,-10.646595571466705,-31.944750208876183,50.40478014844557,18.657787370930468
2001-05-19,-10.827497303658355,-31.996123070559076,51.06507747540338,18.661659054031414
2001-05-20,-10.969710967241774,-33.22913781058197,50.35949869362439,18.573650294538364
2001-05-21,-12.202923916208949,-32.2900085444317,50.62111014135364,18.90746301568465
2001-05-22,-13.976437006533319,-32.555193138518426,50.886007990843666,21.0398244173527
2001-05-23,-13.790910129359563,-33.57527514409448,49.940430048717495,21.09742011553729
2001-05-24,-15.10537248345868,-35.25703637190629,49.69234209430833,21.458936299771334
2001-05-25,-15.589275936279563,-35.00389435128885,50.6010137654966,20.56256107093276
2001-05-26,-14.480152819675189,-34.76021247244833,52.08853490264337,21.591978496380275
2001-05-27,-15.081557800077391,-36.308555317710315,51.7931507776568,21.51843359378187
2001-05-28,-16.60057440000598,-34.66864469924603,53.14733497881777,23.391873532910523
2001-05-29,-17.121385312810688,-33.360334549254105,52.21534390389339,22.56685515235441
2001-05-30,-18.058661248797787,-33.31933205396264,51.39532317598285,21.434490486399735
2001-05-31,-18.960931268266926,-32.275639974873904,52.336208250885264,22.41223454116793
2001-06-01,-18.479421746444043,-32.84543887869166,52.58923920833279,21.617900593611555
2001-06-02,-19.19517045748697,-33.52861053623662,53.98917540180349,22.11234455684026
2001-06-03,-21.383166310065018,-34.645376809377765,54.68390411893765,22.145435736506723
2001-06-04,-20.749370764154694,-33.81151517823122,55.720435169670765,21.633015583834787
2001-06-05,-21.094416944598372,-34.29472866042328,55.63448890658568,22.844086896916075
2001-06-06,-20.721974211126916,-34.61533777437368,56.75074740250839,20.830317120080792
2001-06-07,-21.508857064844932,-32.64893232398139,57.13003426783142,20.248403063724975
2001-06-08,-22.266205075360922,-30.675164790137682,56.28248590601803,19.46540311638082
2001-06-09,-22.181925572339857,-29.57607541408574,57.063193924643514,18.525676426619196
2001-06-10,-22.026339585528248,-28.986385776980526,56.747919156331605,16.978023690680935
2001-06-11,-21.973959081842136,-29.322143157112762,57.10142393363862,18.288632014204953
2001-06-12,-21.132584984038957,-28.351083645434734,56.136310861423446,19.40453066049992
2001-06-13,-20.829575828354,-27.719827822106033,55.78115818760396,20.363264920499667
2001-06-14,-20.82563485608172,-28.593205553238377,54.93746414685847,20.86142948482806
2001-06-15,-19.362716623109584,-27.099352061087515,54.549216402433586,19.911525243725123
2001-06-16,-17.767888284137996,-26.99730712985269,57.2582376260679,19.26947202297199
2001-06-17,-16.826345562556504,-26.997136485554808,58.45283000881897,20.046729810183294
2001-06-18,-17.29788449374148,-26.250325494185287,56.95949308646861,19.731288576157258
2001-06-19,-16.22597778136093,-27.623532032331035,57.54171151721138,21.163584355512622
2001-06-20,-16.883408931465524,-27.025194772333247,56.70577827948344,21.180128433563148
2001-06-21,-19.349352204716062,-26.911006909418823,58.01468215081471,21.466340604090437
2001-06-22,-19.781396714345274,-26.44478387743351,57.459581598300886,21.664919548923763
2001-06-23,-21.429699467632794,-27.429263674595962,57.60813719570612,22.14227066097952
2001-06-24,-21.594240478165375,-26.167986713393482,55.97134587587992,21.713328668158926
2001-06-25,-21.16031708221756,-28.691867880558526,56.3223693169449,22.941415093227366
2001-06-26,-21.962243822488052,-30.531035411616294,57.02395390158529,23.50372637420634
2001-06-27,-23.056703157676658,-30.871543757082183,57.46415622750638,21.167787237510694
2001-06-28,-23.197027879288605,-31.20804534557818,57.975718388374965,20.249710737665414
2001-06-29,-20.768095854304388,-31.49952924753135,58.23933174986784,22.02242295380676
2001-06-30,-21.256278431706907,-31.409119492301762,58.33154874669133,22.424565010473266
2001-07-01,-20.902026088073047,-31.113909150467208,57.94874433786461,21.312234463555967
2001-07-02,-21.951932304557086,-31.238127735169822,58.695621035379304,21.995160540336272
2001-07-03,-21.774959101670685,-31.22793233486214,58.40388638478816,23.841755365312792
2001-07-04,-23.600496244191543,-32.0329921129939,58.55356672054635,24.686537002689267
2001-07-05,-24.515006717661205,-30.61571665609252,58.18226926008099,23.85637859974021
2001-07-06,-23.977510350064083,-31.096524143355573,58.66777702379383,24.87565536540267
2001-07-07,-24.29113924607706,-31.276064272515637,60.3960289582761,24.37342358256733
2001-07-08,-24.469154196349503,-29.401344070605703,59.18389780536337,25.24485184554341
2001-07-09,-24.201771166366616,-30.33492525884743,58.97804620232463,24.973919639967775
2001-07-10,-23.759532940533358,-29.259076420991363,58.133002800475566,23.91410410496394
2001-07-11,-23.61213768878975,-30.365261443600083,58.739379889536515,23.27238576631482
2001-07-12,-23.20846814912764,-30.227335031272318,57.592859063967296,23.972124851952696
2001-07-13,-22.748448912939807,-31.98531142368704,57.18972059579776,24.097368506691943
2001-07-14,-20.88775128736701,-30.77242872978379,56.02136852053814,23.805508935894597
2001-07-15,-20.39845206445597,-30.34802088851326,56.2207163512636,24.32599786350788
2001-07-16,-20.17091989631809,-29.36352505305954,54.85982562958776,24.143789836531464
2001-07-17,-19.016782242900117,-29.166113844971978,55.26428129251845,24.31585401352953
2001-07-18,-20.115986469581134,-29.114287543337404,56.13210511430135,23.92468597093442
2001-07-19,-20.31918034752233,-29.450199254955095,57.498176385514896,21.727577393072604
2001-07-20,-19.838075327849058,-29.286952517055006,55.986777470923926,22.507765817504314
2001-07-21,-20.201460611423883,-27.861391100665717,54.96200707827574,22.928159595804566
2001-07-22,-20.06748135051352,-28.02710637026514,53.46966145905743,22.5176917154573
2001-07-23,-19.82470987975732,-27.937109980974654,54.3629511028569,24.219366543801502
2001-07-24,-19.872614328025403,-28.623979640382125,54.46609791641673,23.0980758229609
2001-07-25,-21.038568414037485,-28.588240436239115,54.76311473911981,21.731476461121353
2001-07-26,-19.785638744625246,-29.860054929320015,54.74082424319797,22.171582182066565
2001-07-27,-18.826569212939578,-29.57907049324562,53.93657472897347,22.288857131612097
2001-07-28,-19.049832347326355,-31.485214183099117,54.570852841769835,23.692907514232182
2001-07-29,-18.851193924697803,-31.93221590768112,55.9866336744776,22.519878891585375
2001-07-30,-19.321288692983497,-32.89282855827243,55.420879565634756,23.420785203757863
2001-07-31,-18.96949658760128,-31.83683322773127,56.49090783029959,22.658532547772317
2001-08-01,-18.62122829924745,-32.55064892962586,56.634123875238174,23.753321931897702
2001-08-02,-19.517425926695857,-30.94357381086086,58.8667462948857,24.357147587532985
2001-08-03,-18.961276818306565,-30.164030427952902,59.31331037160019,24.249455860946032
2001-08-04,-19.794050189149676,-29.593492691967885,57.712326694911,25.027821312703416
2001-08-05,-19.499830149307513,-31.566962814907583,58.14703199357347,24.89826459951659
2001-08-06,-18.091837836073964,-31.474428223038817,56.91653695810974,24.252454974524195
2001-08-07,-20.811937569891914,-31.29220060974496,57.94482801209315,25.102871487058227
2001-08-08,-20.101248935188824,-32.10937790541882,57.56243820254142,24.285748412058883
2001-08-09,-20.392289614481722,-31.286374873567425,56.072997498222655,23.696627321166012
2001-08-10,-19.65363756053311,-31.96152860254323,55.52880781607948,24.03601529644178
2001-08-11,-20.35049002565216,-34.520178667768874,55.63162860643939,23.691792122135645
2001-08-12,-22.005566578580147,-34.78883910437921,55.76754688883674,23.532113239605653
2001-08-13,-22.658262169537597,-34.52559199890744,55.67769350121285,23.82765807894311
2001-08-14,-23.781384895219585,-35.27666968104348,55.28820803555823,23.54962227627987
2001-08-15,-24.360795396021064,-35.40373906833347,54.71194877389136,23.5563954716626
2001-08-16,-24.295901321072325,-35.48056910242736,55.00125916669563,22.78347576217783
2001-08-17,-24.62965185170219,-35.58650448775682,55.4775071182337,21.51127994603979
2001-08-18,-24.8508886507607,-36.63137998610318,54.75929906680476,21.935113332939224
2001-08-19,-24.236859214547646,-36.65928750761256,54.828455633597876,21.30678769831293
2001-08-20,-24.55974173788291,-36.0289960441453,55.181581794292946,21.01890203376195
2001-08-21,-25.411193534254185,-35.26155963660042,56.1695135109065,20.027112789498577
2001-08-22,-25.91494725856366,-36.09710684669879,55.12667895478745,20.457762631132507
2001-08-23,-26.39592298282932,-36.56513445872108,56.04195052607329,20.587230782710144
2001-08-24,-27.342859991754008,-36.675624960334886,54.42673297041334,20.381166113837487
2001-08-25,-26.511069185486335,-35.73439910600793,54.642963870070346,20.53767100867143
2001-08-26,-25.910254959664172,-36.93452536557429,55.55416709144694,20.28352414215745
2001-08-27,-26.7285267240109,-35.32101426212345,57.146220663402104,21.682737784457068
2001-08-28,-25.99622448705573,-36.41143942301738,58.06309508542636,23.167423612053035
2001-08-29,-24.304465679923716,-36.488972630368224,59.23772228610859,22.813538803791108
2001-08-30,-24.583781510603014,-36.296388440771665,59.96980673691054,24.893224966574003
2001-08-31,-25.424597589837102,-36.164051036797886,59.697190956920196,25.931564914002664
2001-09-01,-25.699602446901107,-36.732197158535705,60.31077180320465,26.550707083496157
2001-09-02,-24.97820281103892,-38.81619929031824,60.14068563335957,27.160343413539746
2001-09-03,-25.896891933222456,-39.83346140236338,61.08872624232304,28.34951549567681
2001-09-04,-27.488766829359104,-39.12445383701263,60.366083880265606,28.28791282632716
2001-09-05,-25.543189358047453,-38.44826195340594,61.17115474330364,28.345394214883797
2001-09-06,-25.561478745747063,-38.21683732284393,59.71554124312006,27.3347331753489
2001-09-07,-24.244476694055333,-39.30928790145101,60.83064975194031,28.563292026026637
2001-09-08,-24.549580948887854,-37.81550971243517,61.70498189713509,27.974364325224844
2001-09-09,-26.228476765897675,-38.58755809223733,61.0410132324946,28.122595278606944
2001-09-10,-27.46430331298409,-38.67950839923991,61.576019607618974,27.835939265059228
2001-09-11,-29.157455388963854,-38.86741309044134,61.71462503139333,28.23399513253846
2001-09-12,-28.801853288720764,-38.4104091330969,62.54345399555681,28.281393344163885
2001-09-13,-30.982737523721646,-37.83135789474057,62.20336596084659,28.733271828044845
2001-09-14,-31.244845790690388,-40.95696017179432,62.30749298123838,29.14945358251208
2001-09-15,-31.62590413504311,-41.20667022448373,60.48354959422855,29.82475102554023
2001-09-16,-31.441669560728265,-40.21661101949065,60.95432103698762,30.542855409161923
2001-09-17,-31.3921115997673,-42.15704672264966,59.551871530725485,30.824546280043084
2001-09-18,-30.62855441691685,-41.836250293455116,58.81100247198348,29.8716558256713
2001-09-19,-31.57942360267168,-42.09635323084233,58.52182544509857,29.903153743494283
2001-09-20,-30.540460240070978,-42.347571589450006,59.42049913586565,30.596722009007944
2001-09-21,-30.19126625072792,-41.61256675085681,60.89605656791577,30.35728102939164
2001-09-22,-30.44149886994576,-43.663527220489826,62.442253094008706,31.39102839099164
2001-09-23,-30.41066616003689,-43.38112529707301,64.16725369887033,31.01094139574478
2001-09-24,-31.585498339307378,-43.59875144093871,61.253213121643526,32.80305342677053
2001-09-25,-32.12083459926941,-42.182020448075264,61.71004056165665,33.593903960965115
2001-09-26,-33.49035672152873,-42.459110975751734,61.56178506404955,34.009717093597
2001-09-27,-34.34485421847138,-41.065336070415746,61.85609749944759,34.59280337066592
2001-09-28,-34.08662064050033,-40.86797496722482,61.714671869911385,35.27147879360569
2001-09-29,-31.334822401900205,-38.75020945192316,61.9963217633206,35.04656532893206
2001-09-30,-31.76012566457825,-40.24421136081224,61.06577082197502,35.68770928660001
2001-10-01,-30.841708649425314,-39.535946494771245,60.74713307130568,35.68735078681812
2001-10-02,-32.81026841264365,-38.736704160362585,60.41463020471374,34.28555903839082
2001-10-03,-31.64151049864461,-37.95327145399669,62.08262179581037,33.71134833012153
2001-10-04,-32.210055863144774,-37.98120622853858,62.237542364173294,34.67302492474781
2001-10-05,-30.427265734714947,-36.61170741376801,63.4263015608669,35.349766615469306
2001-10-06,-28.987784964577035,-34.54716833621272,64.14652843755047,34.48974575369878
2001-10-07,-29.28296718792186,-35.00594451282718,62.00379269239262,35.47252744448687
2001-10-08,-29.89972601239422,-34.748276328310965,61.57763872838491,35.752952499307185
2001-10-09,-29.258740676357082,-35.01841001751996,60.5123087442596,37.288104052990164
2001-10-10,-27.286170322149715,-34.629309403852645,60.43232497034141,37.443234410343855
2001-10-11,-29.505883950957028,-36.07441473883446,61.240611615291506,37.72058301708915
2001-10-12,-28.851560141879087,-36.78058904720294,61.656140389021026,37.774324586677174
2001-10-13,-27.84810997849293,-36.3473928516744,61.94810628788483,38.13431138860384
2001-10-14,-28.998409110737242,-36.582632551493056,61.26619101185077,38.218345761181
2001-10-15,-27.70956292001513,-37.40938550029158,62.22776266667681,39.749617579342925
2001-10-16,-29.027476871529725,-36.121008537280744,62.1925949763964,40.338815903440526
2001-10-17,-32.54862502769107,-36.329284733210365,62.51846602234176,39.730330825803904
2001-10-18,-31.104343845435608,-35.11052040513631,61.8810548281791,40.65703306571105
2001-10-19,-29.404100572929732,-35.50951415069688,61.176071670610824,40.67688993579299
2001-10-20,-28.766471413192566,-38.03002629377428,62.84112266619854,41.65125189933747
2001-10-21,-29.30277700822334,-38.66150273635756,60.47887585455011,41.06812811752661
2001-10-22,-27.92332074144029,-40.28698806338654,61.52011346623283,41.24392490451159
2001-10-23,-29.287747889751753,-41.471307368101364,59.62095503717096,41.29403258626276
2001-10-24,-31.34970720423726,-41.74597341459285,58.16123874400357,40.788807597402055
2001-10-25,-32.13036975170595,-42.02630942324047,58.18985243260102,41.59031390086726
2001-10-26,-31.99020661957349,-43.1496390219184,58.908729656775286,42.32886478983828
2001-10-27,-31.502309812386162,-43.36613387989154,59.185759539669036,43.031519469809766
2001-10-28,-30.959108599591257,-43.10104226996752,59.48824990269968,42.776745487111555
2001-10-29,-30.630181953281838,-42.73935604908753,58.69513570991664,43.112239163526425
2001-10-30,-29.29723142561456,-42.970531665745675,58.23941374113021,44.748648081603925
2001-10-31,-30.349564218789588,-43.488494901328274,58.68565541563034,43.66784926882835
2001-11-01,-29.932572510960853,-42.62476601345905,58.766463361577145,42.79015880054108
2001-11-02,-28.530682462252997,-43.7630006220574,58.82798628241777,43.14045809800542
2001-11-03,-27.492353805517194,-45.48697000327207,59.841909801339725,43.495738872580624
2001-11-04,-26.115669370914524,-44.53325660174814,59.37999460938221,42.17350531190747
2001-11-05,-27.17534851303649,-42.43416703997317,60.02413834579867,43.233567810628045
2001-11-06,-26.526077693178188,-43.185909682499414,60.267627706134924,43.61493052950454
2001-11-07,-28.119635467107365,-44.10557027617822,59.875535631851236,44.05913719110244
2001-11-08,-28.21677686304504,-43.29322986482191,59.114575220582715,42.8133250054647
2001-11-09,-29.46217830484248,-41.97950881361148,58.472158497338576,42.24467885389613
2001-11-10,-28.602641512705258,-41.06431142741724,57.47150379727776,40.84327190585272
2001-11-11,-28.66368140881585,-41.659670210785215,57.89987998240933,39.95124839006094
2001-11-12,-29.293918187555672,-39.61159850186994,57.74407556635793,40.39251672860868
2001-11-13,-29.850233305981227,-40.41805100366119,59.32316376283976,40.83774651463911
2001-11-14,-30.484446871346965,-41.93025104037583,60.077353213737595,41.28682861801391
2001-11-15,-29.294156368402955,-40.793964867421295,60.19626496889725,42.87442916399293
2001-11-16,-28.53981582436483,-41.75959940087571,59.699114757182095,44.00280611178625
2001-11-17,-28.079612239364522,-41.71945552309112,58.1729932510932,46.93890078700891
2001-11-18,-27.916576419268882,-41.52592597057336,57.086476212157365,47.31898617260061
2001-11-19,-27.65735748672571,-43.11450255306605,56.82358659192502,46.810564849562276
2001-11-20,-26.975995209533952,-42.73402026683944,58.20498036564761,46.54450491699228
2001-11-21,-25.811810269441075,-41.28535142981751,56.869830286983444,47.98383370301863
2001-11-22,-24.632918997277045,-43.33664733662821,57.43905230029191,48.42194035367517
2001-11-23,-23.452485566659888,-42.886393326519126,58.64177858446328,48.17681641382076
2001-11-24,-22.773284715179724,-43.14009107927036,58.591014422762754,50.426207246158874
2001-11-25,-22.720205585975997,-43.94752153551166,58.05854241251023,49.37694391255726
2001-11-26,-23.48785513940856,-43.5992453162756,58.18690749834554,48.78106538035693
2001-11-27,-23.030623833257355,-44.942019479588694,58.45349598695595,48.67730281890272
2001-11-28,-25.278129056076992,-44.43098538409284,59.895537802041886,49.58438741161291
2001-11-29,-25.926251739158573,-44.913082655238085,59.17336806131516,48.73087223237713
2001-11-30,-26.316449311152212,-44.67129832169387,59.63946890794293,46.923357695977856
2001-12-01,-27.74552482948427,-46.66180741208711,59.56111773842422,45.62925045191265
2001-12-02,-27.586526688336466,-47.98834553816591,59.64812567451972,45.77997631982108
2001-12-03,-28.503378649185656,-46.59706204104174,58.49820463840606,46.28063595626222
2001-12-04,-28.298541451889935,-47.302981101461555,57.50968288694518,47.18220486632378
2001-12-05,-28.064340901344003,-47.93011503471815,59.2727455242594,48.093567546618694
2001-12-06,-28.97126548375862,-47.63047146487491,57.72743845571688,46.886729163920165
2001-12-07,-29.68455015279305,-48.072309038049355,57.27579927107784,46.13469509076847
2001-12-08,-30.09024361476749,-49.632425302422696,56.60759707729263,43.97562672289559
2001-12-09,-30.2006819186912,-47.20623888054814,57.02599425227815,43.1972143454848
2001-12-10,-30.5230220085103,-48.45016731287697,58.72027032702432,42.29219601404397
2001-12-11,-31.350511791820768,-49.053625364750495,58.29748185638252,42.77002230224289
2001-12-12,-33.69760140477279,-49.27797083440542,58.40511157112123,42.26849575000639
2001-12-13,-32.79324505090857,-50.258994807991805,57.52956280957493,43.585340240881976
2001-12-14,-32.707424978852714,-50.47084199646614,57.60706182735424,44.4262030400624
2001-12-15,-33.338161746699974,-49.507303482619996,55.17718414450072,44.8287819427758
2001-12-16,-32.33808779238032,-50.92514309987649,53.7820817687882,46.20722639855001
2001-12-17,-32.08298188707491,-51.461547121183855,54.6066410960849,45.745440859056856
2001-12-18,-31.67131181748427,-51.67328736742464,54.95374966182028,46.300523251937015
2001-12-19,-31.338209328572226,-51.33517414645011,55.956236482332514,46.733170400186864
2001-12-20,-32.06026580527925,-50.80247615049298,55.89711307231021,47.74739734325863
2001-12-21,-31.384228069091527,-50.02336591176919,56.39637442377709,46.95927759479325
2001-12-22,-30.707328979549644,-50.10649915013523,56.982736055301956,48.74590258630902
2001-12-23,-32.218353106405836,-51.160139138461815,57.659748386008665,48.304335387752154
2001-12-24,-32.29976602149676,-51.8622334150565,57.2714293590807,49.18337512504749
2001-12-25,-32.45743833675405,-51.39701003825357,57.571924466289474,49.232021112418686
2001-12-26,-33.60200363204566,-51.429223986522835,58.49308271941116,49.93608049804373
2001-12-27,-33.283698289343036,-52.49940059351171,60.9345289129341,50.140315067221984
2001-12-28,-35.00987257586144,-52.04497253386908,62.56028951449083,49.91257112309569
2001-12-29,-35.15440619117932,-53.474218710915274,62.822193783912596,48.812632740243664
2001-12-30,-34.44135961616939,-52.749655180935136,61.481872715279295,49.76822212386098
2001-12-31,-34.862047173354775,-51.52940974589111,60.947921162779586,48.025497645243874
2002-01-01,-33.835297653412404,-50.61141582377298,62.895411229011195,46.65251717083986
2002-01-02,-32.42751382052295,-50.883519853708364,61.05401477705601,46.011505301056474
2002-01-03,-32.64596418150419,-50.138319828548674,61.741976629194575,45.56399417505721
2002-01-04,-31.89584823851549,-49.63503031618545,61.70191577161603,43.853350741864276
2002-01-05,-32.99160459262786,-48.22103935197505,61.55949955903513,44.18876876337591
2002-01-06,-30.93048082442364,-47.300847554808044,62.27750466593471,44.335909335362466
2002-01-07,-31.80791213845481,-46.14782878184343,62.13157463203374,42.926964490731024
2002-01-08,-32.535613381088325,-43.6175817467629,60.86071118867175,44.036267609280934
2002-01-09,-31.55676949037777,-42.883255761410155,60.95785886115156,43.09267335113579
2002-01-10,-32.075128408463186,-42.65055133026119,60.35801922064995,45.00166699694079
2002-01-11,-32.285291011459364,-43.23181655800418,62.06836790543008,44.16248224823365
2002-01-12,-32.52464650307338,-44.11606464480089,63.0979684817246,44.01402199491522
2002-01-13,-33.9165066296372,-43.442017851960564,63.522418446793594,43.50315300494768
2002-01-14,-34.15866216770203,-42.86762916682827,63.52375587586009,44.22663129056116
2002-01-15,-35.72183774424204,-43.44512375281347,62.782345952972214,44.81156813197911
2002-01-16,-36.41788481791452,-41.85982232707827,63.034436531332474,44.38916627109315
2002-01-17,-35.83718598638253,-42.24308837388723,64.18302476820188,44.571793642613
2002-01-18,-35.42887201498301,-40.46851836908678,64.08426339010168,44.47258467810107
2002-01-19,-37.484416958336986,-40.671929286873684,62.5930230545031,45.03578950420535
2002-01-20,-39.13803917852055,-43.53772138629469,63.003596093012746,41.77599631642249
2002-01-21,-41.259528632544274,-44.50870258494083,63.26679664879795,40.9560481210309
2002-01-22,-40.52884090573583,-45.391888052536764,62.8212365128557,40.20069432788898
2002-01-23,-39.898551175893054,-44.83175255723872,63.17843617315649,38.73861622466053
2002-01-24,-41.36505038418878,-45.58914755096426,63.45796419744034,37.38415619391081
2002-01-25,-41.349029811702444,-45.44706607038595,64.72331734805147,37.67787540990745
2002-01-26,-40.026603353604806,-46.36462757776376,65.09486311769932,38.947408128416726
2002-01-27,-39.53121544354333,-46.977925544298486,65.325635902482,40.370024728757
2002-01-28,-40.15223551821276,-48.19197974873414,65.67221287549802,39.33630090900246
2002-01-29,-39.31718511449648,-48.00105992476042,65.9761840599301,39.23714902041982
2002-01-30,-38.92735536118222,-48.378479189401084,65.47476856953735,37.70880830453201
2002-01-31,-37.78257995522794,-47.27524845236089,65.72224961318162,34.86702885079371
2002-02-01,-38.943277612673924,-48.62279861256188,65.94326296513485,35.09810434974704
2002-02-02,-39.38703621598935,-49.00865088165645,67.1717862400538,35.299066725197356
2002-02-03,-38.869428504534035,-49.25491608103509,65.73028952539671,34.03959227862021
2002-02-04,-38.99003622671642,-47.205482797424565,66.058369519107,33.907261048507166
2002-02-05,-40.09977250766092,-46.2004593551017,67.7815342266451,33.34232322790561
2002-02-06,-39.626278556444426,-46.40543572649745,67.46966165757189,33.366213119984536
2002-02-07,-39.759248374854224,-45.095938619713834,66.3526940877645,32.55820583056295
2002-02-08,-37.95090247410017,-44.491388405613606,67.45829932774295,30.68576303774934
2002-02-09,-38.37568224424258,-46.20310617356262,67.66398851125481,32.51410849423177
2002-02-10,-40.75637516574588,-46.66563454425089,68.42005635237828,33.22291481133471
2002-02-11,-42.00343691862666,-46.26695799301703,69.46867043830513,35.259563271271325
2002-02-12,-42.10340899763464,-44.74493161190097,70.23189523408412,36.061361193152166
2002-02-13,-41.027515807611636,-42.973544556093806,69.44158729585092,35.73020255115412
2002-02-14,-40.61257692014682,-44.76193431081263,67.6546918125033,36.00970758837324
2002-02-15,-39.997926735250914,-45.76080028008884,68.28309058955357,36.195661494262865
2002-02-16,-40.708137571477174,-47.384629759336285,69.70449294479718,36.54732471971241
2002-02-17,-41.65484607767413,-46.83471161337786,70.48820635020449,36.72112445338247
2002-02-18,-41.43777938572162,-48.771943715681964,70.7529993626188,35.7744917759122
2002-02-19,-40.76269127992669,-47.69304864069334,71.07029364672664,35.25443729225533
2002-02-20,-40.897758772438294,-48.53813748441487,70.7804543402678,34.98164419709077
2002-02-21,-41.559386782504866,-48.20607634789103,70.79584407617389,32.5611216471168
2002-02-22,-39.02360759204473,-48.205507339031314,70.41906204878961,34.0456560369121
2002-02-23,-39.2952873157607,-48.15605755544717,69.84103791152704,32.79500580492313
2002-02-24,-39.78620885352183,-47.85571069685962,70.9851793810793,31.975734729306687
2002-02-25,-39.37016910604392,-47.104457135299604,70.15537044948319,32.5863894035971
2002-02-26,-40.52577577094682,-46.23220967683324,68.56650565836625,32.03162441298551
2002-02-27,-39.14307567012493,-44.3649162086743,69.51715742303547,30.942247989102192
2002-02-28,-39.4482566675602,-44.719025079049935,69.30263591480508,30.324509133646735
2002-03-01,-36.8966725415308,-43.89070396104466,68.8720499906317,31.363388395734315
2002-03-02,-35.96599956749483,-45.1237826079705,69.10694763214356,31.131338596238905
2002-03-03,-36.1860172915235,-45.72470265896998,67.79672129053795,30.413626892880778
2002-03-04,-34.97840047909979,-45.443676921525224,67.51538614178965,30.32850880580088
2002-03-05,-36.81164871713701,-46.95918084816356,68.07658455989885,29.66248884163761
2002-03-06,-37.01562395901806,-46.53263208179861,67.8220527447911,27.817853383234635
2002-03-07,-37.25681542467274,-45.92006790581717,67.6445598698613,26.231143108693246
2002-03-08,-36.34263834554081,-46.3004869331359,69.07280412274737,24.50725353390361
2002-03-09,-38.02130342532181,-45.840624217510445,69.81134739077676,24.511159513737756
2002-03-10,-36.88341011329013,-45.274824264018605,69.25174787665942,24.744164730404137
2002-03-11,-35.90338528887568,-45.817491239871224,69.57231102902838,24.19102979885488
2002-03-12,-36.61278660660357,-47.28870325273816,69.03334942125974,24.51492607756005
2002-03-13,-34.199648102093136,-47.42369658662978,68.69605164142999,24.284708254987542
2002-03-14,-33.8236904184798,-48.903909373332766,66.78479360492348,23.657067261539886
2002-03-15,-32.51459084663651,-48.629512943585276,67.89365682009188,25.304201042350975
2002-03-16,-32.98943165085889,-49.046413996989585,69.08997367821841,24.669433456651475
2002-03-17,-34.84330346482366,-49.538441837186646,68.93969288108045,25.08529982961253
2002-03-18,-35.31180420840209,-50.66281594857561,70.30731120149274,23.390667074839744
2002-03-19,-32.75262781094426,-50.96158912225008,70.43500731638946,22.865153057196743
2002-03-20,-31.891165256254364,-48.76578954648826,71.0066419335625,23.30129647407368
2002-03-21,-31.870889326597567,-50.066341017259525,69.79756445960172,23.675626334236508
2002-03-22,-34.09209789585539,-50.48466770666685,70.30393350613312,23.287362866958762
2002-03-23,-36.05681958723678,-50.37555881463882,71.4861096449286,23.69835649867991
2002-03-24,-34.76476013119648,-51.30824772047112,71.27786341556109,24.25626980857608
2002-03-25,-33.733344037591024,-51.457030641355615,70.69932196970537,23.061248210845857
2002-03-26,-32.75763545350121,-52.96186848542405,71.08069284187826,23.683023275724423
2002-03-27,-33.79636969268944,-53.696783172824176,70.57183102965463,23.92714842270613
2002-03-28,-34.066708568301586,-53.1187191338767,70.27394544507779,25.45097242515112
2002-03-29,-33.152659508125296,-52.93132806107464,70.7525173241436,25.13218520732832
2002-03-30,-33.893526254417,-52.30841297843793,70.41080141520851,26.123271286693427
2002-03-31,-35.11250013454759,-51.503720982016105,70.39584621641052,27.459704352599253
2002-04-01,-35.81095092587896,-51.484803319625485,71.07428682773933,28.673608477303414
2002-04-02,-35.03755860176602,-51.939398249513204,71.8441355250707,28.714499909061054
2002-04-03,-35.69125908650004,-52.326595129896056,70.43260199585399,28.27478701386289
2002-04-04,-33.777846630689346,-52.245107349299786,72.10832695322573,30.278622836132442
2002-04-05,-33.655609530163815,-51.516741701624774,71.74152006203101,30.452536035201913
2002-04-06,-33.797785395523626,-49.53620220308018,71.0185443438019,29.682499435333913
2002-04-07,-32.75294553558341,-48.30749403915625,71.3209614035875,29.54794718716902
2002-04-08,-32.506880945533666,-47.48712668401628,71.10090325129748,31.602133679033518
2002-04-09,-32.452595444083855,-49.24920641903917,73.09628889537049,33.02197348534388
2002-04-10,-31.942186125473786,-49.22368096066079,71.38456435320614,34.236219583925994
2002-04-11,-32.85677039710436,-49.06729288378559,72.6566892853287,34.79787308008236
2002-04-12,-32.50531384247004,-49.704380278932085,71.06379196720029,35.16369706065152
2002-04-13,-31.093731145984933,-49.392762088035035,72.64419813559633,33.95368867156741
2002-04-14,-31.43217194468055,-48.78156306026134,72.32214728749815,33.40717614164773
2002-04-15,-32.042938265133586,-49.51222876632849,71.6099740956575,32.53411428589759
2002-04-16,-31.533594872082382,-49.70818003791755,70.94599841775785,32.40172758302929
2002-04-17,-32.18796607135061,-50.97154282304659,71.79190319437276,31.57915605176131
2002-04-18,-31.723064607966318,-51.631916808998994,69.21616115719337,31.543818175231753
2002-04-19,-31.341167310207233,-51.109129572482416,70.07015394033616,30.331040495737962
2002-04-20,-30.355416396548232,-50.377343865621555,70.23364323279431,30.51884715257368
2002-04-21,-29.279633578336064,-50.81616153034655,69.76338923656368,28.284092853376354
2002-04-22,-30.73724910668959,-50.23961616247497,70.83937796102215,28.009625193654365
2002-04-23,-31.148130304836048,-50.648895131754635,71.27523186807217,28.024928313159002
2002-04-24,-31.119610091535574,-49.82555537960074,70.31691883516197,28.685560211862608
2002-04-25,-30.72669923245215,-50.22594760283465,70.80170271122368,30.248093390433713
2002-04-26,-30.759502226517526,-48.80246754980479,70.40561827071365,31.279584843090667
2002-04-27,-31.16299050590767,-49.03925909238918,69.31591436533175,30.845477107095693
2002-04-28,-31.725243650276372,-48.91665024604471,68.74651229153811,31.38171342712532
2002-04-29,-32.674954857447126,-49.17325672825172,69.25877158016046,32.47734270608801
2002-04-30,-31.92763029337028,-48.977797962857345,68.26033378105278,31.062068725006302
2002-05-01,-31.32240326488752,-48.63023974439817,68.0252234929003,31.406726269999552
2002-05-02,-31.339333348663526,-48.30957742087936,68.89026670380115,31.260138393234637
2002-05-03,-31.86296738946678,-47.351565483744196,68.0263791154169,31.489224571487515
2002-05-04,-31.610694256473128,-46.881351829281,67.29954154123193,33.37681952986323
2002-05-05,-31.258084059849022,-46.33448569123666,66.87289253590339,34.86859680342548
2002-05-06,-33.188668060216905,-46.66475669106683,66.7319122815161,34.49898873963417
2002-05-07,-31.679315778016818,-45.378637963683616,67.79533233430284,34.730084711044384
2002-05-08,-31.731136474794145,-44.82540299254898,67.51201485925887,35.17962170130511
2002-05-09,-32.02912274512634,-43.550179863037215,67.54471511670276,34.295387838324174
2002-05-10,-30.61339002713971,-44.59494269979259,68.16196079468207,33.27977584012853
2002-05-11,-29.888675608529255,-46.63009227104176,67.68644809041693,30.976109018907312
2002-05-12,-31.57646993894603,-47.789481401621074,67.30077554996683,31.14169654230218
2002-05-13,-31.24919836981747,-48.632213782605284,67.32841841664259,33.27706794955245
2002-05-14,-30.17597131815488,-48.75476509138357,66.87898113516769,32.53701419277746
2002-05-15,-31.48804574798922,-48.36105108035255,67.4579738149307,31.09749107095525
2002-05-16,-31.672559352296187,-47.77911755341188,66.97012891020147,31.730273568300927
2002-05-17,-30.958432734576693,-46.95500638473648,67.01391253267398,32.77312949412262
2002-05-18,-31.29798767924265,-46.06153079619967,67.2163138065794,32.293656071181196
2002-05-19,-31.638470617842167,-46.45822250701485,65.51684267825097,30.965776843545125
2002-05-20,-32.25723146548382,-46.57427682938156,64.52660683131091,28.878832163967836
2002-05-21,-29.984854767186338,-45.29224791518242,65.75500045651816,26.73408422245291
2002-05-22,-29.903853368138535,-45.9610290590675,64.72424169831639,26.186565517316488
2002-05-23,-28.965602342316558,-47.88500349124617,64.06195013158123,25.897891228794993
2002-05-24,-29.76272559158586,-48.79921323203732,63.982994300957756,26.006001352926678
2002-05-25,-29.836257761565765,-48.9083328066191,64.66834182622985,24.351863147123126
2002-05-26,-30.297703994190226,-49.27615541547079,65.5647088857799,25.194590181510137
2002-05-27,-30.757913031006368,-49.663996420470475,64.2634291370581,24.971057414619377
2002-05-28,-31.25556567854735,-50.00514369701154,65.12622215508817,23.35726673402058
2002-05-29,-31.027159125291515,-50.33865503786018,63.59984572464222,23.04501220673334
2002-05-30,-30.538237140978005,-51.166699809251995,63.4090823351184,23.568130895967197
2002-05-31,-30.666497386082348,-50.60629515998813,64.7164219554822,23.97389700555357
2002-06-01,-32.40937254836735,-51.15661433173004,64.01655422264457,22.2850970277458
2002-06-02,-31.045867416468617,-52.99026043014151,62.728168871675734,22.404403330417907
2002-06-03,-32.942849029944384,-52.881932586937864,60.94247977876211,23.709908116567725
2002-06-04,-31.571430035015684,-52.077599868889045,60.9022979093333,23.712694994803016
2002-06-05,-31.94022541850665,-51.56958531229331,61.374189959011844,23.172560358716023
2002-06-06,-33.242074236984145,-51.34137269967625,60.3377209397198,22.748957143248017
2002-06-07,-32.44851583193786,-52.40457032350852,60.59843534726795,21.79703256055774
2002-06-08,-31.87486764793279,-51.54884017359988,60.339176238153925,22.3278760338135
2002-06-09,-33.52277721747131,-50.03606410018809,61.08614154357924,21.805232245821188
2002-06-10,-32.9527662968376,-49.333423979152535,61.70086077571427,21.27925225808656
2002-06-11,-33.526212410522405,-50.057589446725835,61.68299083632759,20.438962324736377
2002-06-12,-31.622242011580575,-48.38226418536733,60.42002023177285,21.016773165108344
2002-06-13,-32.40030229127136,-47.75857609208051,59.85998775997874,20.658645948044704
2002-06-14,-33.25078472250295,-47.78079536371945,60.445823439425844,23.08983255523268
2002-06-15,-32.11351967829832,-48.03020554253986,59.52006110101633,23.18469605305977
2002-06-16,-31.91356624960172,-47.943987396624486,59.32845111471853,21.119065748199752
2002-06-17,-32.884158944313484,-45.75650911681628,59.08875673720984,21.56212424319436
2002-06-18,-33.39768791674697,-45.967754721258615,59.23464907564456,19.954716335774794
2002-06-19,-33.271739222269204,-43.59970621619872,58.408848665630615,20.02278751717697
2002-06-20,-32.11435336139027,-43.117210979614846,60.269386887881204,19.778413912181197
2002-06-21,-32.54140336038909,-43.686763927141136,60.33791096516,18.831186033611306
2002-06-22,-33.76817780376677,-43.910695025372654,60.03713628574079,19.423140708388864
2002-06-23,-33.56832444211528,-44.15596164224742,60.49474791930147,20.032865730065573
2002-06-24,-32.71763424246687,-44.98488425630273,62.09758662389759,19.911473074992436
2002-06-25,-32.99576579546996,-45.51727195918057,61.58195399852574,19.99084602484517
2002-06-26,-33.19620616648188,-45.739136026203994,60.572290820732505,21.970018100099594
2002-06-27,-33.82158776352354,-45.98635497703377,62.117803841542504,22.417804849825966
2002-06-28,-32.996464045120995,-46.30776827217056,63.79736997104987,24.32234609913911
2002-06-29,-33.07395762999014,-47.217962323070665,64.52787537970114,24.267673346360148
2002-06-30,-31.63399293712428,-45.77494504877762,64.87122795634545,22.068334884721978
2002-07-01,-31.539193868228868,-46.45641457934031,65.64100419732586,21.489312647720713
2002-07-02,-31.20852407322813,-46.66615631766082,63.509667224013846,20.937165892235875
2002-07-03,-29.696886705967014,-46.35397953975816,63.285817557533804,21.189255312061142
2002-07-04,-28.486678922873377,-47.34391175224162,63.28346683829061,21.104620253758767
2002-07-05,-29.045703932340242,-47.14892293589055,62.50050851543096,22.79284080821312
2002-07-06,-30.32444402831693,-46.38668667675753,61.11713144070367,24.015721288480425
2002-07-07,-32.634082501922016,-48.94572042978433,61.230699224420114,24.09272939637726
2002-07-08,-33.52825048057086,-49.78568853591253,61.66659397827946,24.488805615336712
2002-07-09,-33.21623867452381,-48.95186570837858,61.84978799208166,24.256310383370092
2002-07-10,-33.25154992195891,-46.72438580954175,63.84935630203075,22.930956383920893
2002-07-11,-34.569792997045916,-47.684738093139345,63.10081782376054,23.529490604568313
2002-07-12,-34.18009917912263,-47.21947026755783,63.19447409515732,23.398631555864416
2002-07-13,-33.88241822148576,-48.012511160751664,61.943714533328986,23.64320039082523
2002-07-14,-33.34873228438127,-48.3213587763628,60.88881623426813,24.29286385355867
2002-07-15,-33.137277814105275,-48.39207514137605,60.060737543950346,24.714549768181417
2002-07-16,-32.988697278898485,-46.94579239628042,60.29746938443436,24.599250969062528
2002-07-17,-34.25349782362713,-46.01474284335805,59.791465175704744,23.270848079282096
2002-07-18,-35.78176668635814,-46.87204874694029,59.44568881946128,24.278734265263324
2002-07-19,-34.16334879903587,-46.59063223467244,60.65492252293717,22.787719161331726
2002-07-20,-33.33090239213056,-47.48257042910495,60.307970038735384,20.38487901813428
2002-07-21,-34.11130136387203,-47.30691169247966,63.1412223871379,20.184585004738572
2002-07-22,-32.61742511055264,-45.69987671016352,63.76998649979334,21.472642589893162
2002-07-23,-31.483286425005616,-45.08781912476487,66.56982423209628,21.86492069159727
2002-07-24,-32.98518405600345,-45.24165345102975,67.36673147003306,22.85646465112458
2002-07-25,-34.35391138947237,-44.453592636549146,67.69984707079388,22.855283910089575
2002-07-26,-33.57118942680802,-44.05069538951855,68.96825540332837,23.071455618757742
2002-07-27,-32.38301129857641,-44.82492495163927,70.39196978490774,21.89776781350133
2002-07-28,-33.03654344177868,-43.27538782152158,70.40745809450756,21.632394133211605
2002-07-29,-31.865229424309547,-43.477271348646156,67.98497891076248,21.336656694569037
2002-07-30,-30.283647586918292,-43.21401530247937,66.85017086000553,21.245368738650715
2002-07-31,-30.327010888614115,-43.817773743383185,66.75212577675603,21.342022495789077
2002-08-01,-28.639862023069657,-44.6325664661264,67.26205539708612,21.867674214977704
2002-08-02,-29.55859131890096,-44.30815011214703,65.33746608453876,22.119334958905128
2002-08-03,-29.917817453966407,-46.153730079643765,67.04234799407936,21.830169172633894
2002-08-04,-31.41390539772005,-45.41467571693377,67.08739850635808,21.7496938248686
2002-08-05,-31.55905443307315,-45.95827617997462,66.81445166390952,21.710337683380196
2002-08-06,-32.99185698620916,-46.99972399013592,66.32439823081792,21.73899980659827
2002-08-07,-33.55989205808745,-48.23919659362285,67.44009394648218,21.47189201074851
2002-08-08,-34.259558997498075,-49.474567343619924,67.24439277298725,22.310011567011518
2002-08-09,-34.834886491871664,-49.41381652242425,66.73704659277782,22.82736984768842
2002-08-10,-34.070699395031774,-49.77068948915458,66.5994812817829,21.884582753624144
2002-08-11,-34.254748210872435,-51.15402068254244,66.76252795250257,22.334250534320436
2002-08-12,-34.798635267451736,-52.33028381898901,66.0603498288725,21.76244486399516
2002-08-13,-35.16387487724303,-54.88187137012312,67.01660018617841,21.576489027293643
2002-08-14,-35.34752372338741,-56.260121042738874,66.92130080427356,21.79582293298862
2002-08-15,-34.26307373360032,-56.2913196615954,68.27183308023116,23.074424751188378
2002-08-16,-35.4549459365385,-57.520878353121205,69.27446328664121,24.42876250420151
2002-08-17,-35.1391074748408,-56.94435924137724,68.46848306026365,24.608042955847914
2002-08-18,-35.98756482284214,-56.95216785532656,68.67272955746714,24.548339064287205
2002-08-19,-35.77181970214838,-55.931346441222864,70.22368915132546,24.375743956714146
2002-08-20,-37.68141472558597,-55.228284071520655,69.646597004445,24.70777486563009
2002-08-21,-37.527491066179834,-55.850081824227544,69.60560256981445,24.72611681968356
2002-08-22,-37.16407809365581,-57.87028074122317,69.63828675987055,25.699942547620513
2002-08-23,-38.96349957000731,-57.941758255898215,69.96937604832131,25.738462951066836
2002-08-24,-38.598536210364685,-56.975873506667554,69.45450232607445,25.78683373537939
2002-08-25,-38.901516839238425,-57.85445770280543,67.99427140782127,27.98099656397466
2002-08-26,-39.124520384707814,-59.03110764548897,68.33618272521622,28.421972203920497
2002-08-27,-39.795496533999106,-60.2335816944659,68.01202063805042,28.302004581281913
2002-08-28,-37.90023298436104,-59.085439552311506,66.7100240299129,27.42573020083345
2002-08-29,-37.30295902858482,-59.28447081480152,68.38685853092021,25.75668438706371
2002-08-30,-35.60922243981102,-59.75476123719906,68.9000795617587,26.215980548307982
2002-08-31,-36.5119769354832,-58.45002145193146,68.06949611833934,27.412700360200347
2002-09-01,-35.53269118921366,-59.06497527529371,68.0229029271774,26.279649906247695
2002-09-02,-34.40138118180089,-59.2181185077998,69.50858999360088,27.894818241336537
2002-09-03,-34.74773751722108,-60.3845120838839,68.49715355288616,26.67088681611781
2002-09-04,-35.69941132441652,-59.988626853396056,70.02302756031165,26.19565442118022
2002-09-05,-35.970741895233374,-59.46330836957155,71.71452122375541,25.102550824421982
2002-09-06,-35.88499318713662,-58.883595751718275,72.65336531590488,25.576283267801195
2002-09-07,-34.556753230546335,-60.02088878905339,75.20139136516309,26.033177083887352
2002-09-08,-34.41659748822165,-60.08117997478542,74.30176539141885,24.529385874944488
2002-09-09,-35.76281633840349,-59.713792534597154,73.9222515119963,26.61924442348949
2002-09-10,-35.98772580885439,-60.84979859890088,75.98572921019311,26.9016409884704
2002-09-11,-35.44226605490437,-60.7671063203981,76.53915930305786,26.286599980087782
2002-09-12,-35.94350165909739,-61.94849447820356,76.13563642653651,27.03628087636751
2002-09-13,-37.03008377827544,-63.420602911196916,76.17909485459501,25.862795109453305
2002-09-14,-36.38607288316154,-62.992558626394754,76.33242515534306,26.525736688064885
2002-09-15,-36.61786796931972,-62.93446170581356,76.84478156932337,26.532179852805974
2002-09-16,-37.65091734911456,-61.85415965542362,77.26832356948148,26.562710737377632
2002-09-17,-38.19135963342953,-63.699589828423534,76.41537904425095,27.032912056429133
2002-09-18,-39.05107195275465,-64.02612756198293,75.62679712952665,26.21493882271675
2002-09-19,-39.26236736246194,-64.28087638030186,76.07557909923779,25.721527098270656
2002-09-20,-40.17208073181764,-63.8744663731602,76.54304259286621,23.758790916189973
2002-09-21,-38.442634382437475,-64.2001641937074,76.4627836211059,23.195934380251114
2002-09-22,-39.694856655247364,-63.46950150859586,75.74649127627804,24.296214961205497
2002-09-23,-39.800760825929714,-63.737388545080556,74.89299063215107,23.553863368218128
2002-09-24,-38.69375377067769,-63.577505335411054,75.45718626295134,22.41194925882911
2002-09-25,-38.31307121937989,-62.18339638371586,76.25369583561984,22.382320132836824
2002-09-26,-38.07177586379984,-62.73565931739836,76.28270380367167,23.41888289577532
